
INSERT INTO course_layout (course_code, course_name, min_students, max_students, hp) VALUES
('II1308','Introduction to Programming',30,200,1.5),
('ID1021','Algorithms and Data Structures',35,220,7.5),
('SF1686','Calculus 2',30,250, 7.5),
('SF1625','Calculus I',40,280, 7.5),
('SF1624','Linear Algebra',30,210, 7.5),
('SF1610','Discrete Math',30,230, 7.5);

INSERT INTO course_instance (num_students, study_period, study_year, course_code) VALUES
(120,'P1',2025,'II1308'),
(100,'P2',2024,'II1308'),
(90,'P3',2023,'ID1021'),
(85,'P4',2024,'ID1021'),
(80,'P1',2025,'SF1686'),
(75,'P2',2025,'SF1686'),
(200,'P3',2025,'SF1625'),
(180,'P4',2025,'SF1625'),
(150,'P1',2023,'SF1624'),
(140,'P2',2025,'SF1624'),
(130,'P3',2024,'SF1610'),
(120,'P4',2025,'SF1610');

INSERT INTO person (person_number, first_name, last_name) VALUES
(1, 'Alice','Smith'),(2,'Bob','Brown'),(3,'Carol','Johnson'),(4,'David','Lee'),(5,'Eve','Davis'),
(6, 'Frank','Miller'),(7,'Grace','Wilson'),(8,'Hank','Moore'),(9,'Ivy','Taylor'),(10,'Jack','Anderson'),
(11,'Kim','Thomas'),(12,'Leo','Jackson'),(13,'Mia','White'),(14,'Nina','Harris'),(15,'Oscar','Martin'),
(16,'Paul','Thompson'),(17,'Quinn','Garcia'),(18,'Ruth','Martinez'),(19,'Sam','Robinson'),(20,'Tina','Clark'),
(21,'Uma','Rodriguez'),(22,'Victor','Lewis'),(23,'Wendy','Lee'),(24,'Xander','Walker'),(25,'Yara','Hall'),
(26,'Zane','Allen'),(27,'Abby','Young'),(28,'Ben','King'),(29,'Clara','Wright'),(30,'Dylan','Scott');

INSERT INTO job_title (job_title) VALUES
('Lecturer'),
('Professor'),
('Assistant');

INSERT INTO department (department_name, manager_id) VALUES
('Computer Science', NULL),
('Mathematics', NULL);


INSERT INTO employee (salary, supervisor_id, person_number, department_name, job_title_id) VALUES
(50000,NULL,1,'Computer Science',2),
(52000,NULL,2,'Mathematics',2),
(45000,1,3,'Computer Science',1),
(46000,1,4,'Computer Science',1),
(47000,1,5,'Computer Science',3),
(48000,2,6,'Mathematics',1),
(49000,2,7,'Mathematics',3),
(47000,2,8,'Mathematics',1),
(46000,1,9,'Computer Science',1),
(45000,1,10,'Computer Science',3),
(46000,1,11,'Computer Science',1),
(47000,1,12,'Computer Science',1),
(48000,2,13,'Mathematics',3),
(49000,2,14,'Mathematics',1),
(47000,2,15,'Mathematics',3),
(46000,1,16,'Computer Science',1),
(45000,1,17,'Computer Science',3),
(46000,1,18,'Computer Science',1),
(47000,1,19,'Computer Science',3),
(48000,2,20,'Mathematics',1),
(49000,2,21,'Mathematics',3),
(47000,2,22,'Mathematics',1),
(46000,1,23,'Computer Science',1),
(45000,1,24,'Computer Science',3),
(46000,1,25,'Computer Science',1),
(47000,1,26,'Computer Science',3),
(48000,2,27,'Mathematics',1),
(49000,2,28,'Mathematics',3),
(47000,2,29,'Mathematics',1),
(46000,1,30,'Computer Science',1);

UPDATE department
SET manager_id = 1
WHERE department_name = 'Computer Science';

UPDATE department
SET manager_id = 2
WHERE department_name = 'Mathematics';

INSERT INTO addr (street, zip, city) VALUES
('1 Main St', 10001, 'CityA'),
('2 Oak St', 10002, 'CityB'),
('3 Pine St', 10003, 'CityC'),
('4 Maple Ave', 10004, 'CityD'),
('5 Elm St', 10005, 'CityE'),
('6 Cedar St', 10006, 'CityF'),
('7 Birch Rd', 10007, 'CityG'),
('8 Walnut St', 10008, 'CityH'),
('9 Chestnut Ave', 10009, 'CityI'),
('10 Spruce Rd', 10010, 'CityJ'),
('11 Aspen St', 10011, 'CityK'),
('12 Poplar St', 10012, 'CityL'),
('13 Hickory Ave', 10013, 'CityM'),
('14 Magnolia St', 10014, 'CityN'),
('15 Cypress Rd', 10015, 'CityO'),
('16 Sycamore St', 10016, 'CityP'),
('17 Fir Ave', 10017, 'CityQ'),
('18 Willow St', 10018, 'CityR'),
('19 Redwood Rd', 10019, 'CityS'),
('20 Dogwood St', 10020, 'CityT'),
('21 Sequoia Ave', 10021, 'CityU'),
('22 Olive St', 10022, 'CityV'),
('23 Palm Rd', 10023, 'CityW'),
('24 Cherry St', 10024, 'CityX'),
('25 Maple St', 10025, 'CityY'),
('26 Elm Rd', 10026, 'CityZ'),
('27 Pine Ave', 10027, 'CityAA');

INSERT INTO person_addr (address_id, person_number) VALUES
(1,1),(2,2),(3,3),(4,4),(5,5),
(6,6),(7,7),(8,8),(9,9),(10,10),
(11,11),(12,12),(13,13),(14,14),(15,15),
(16,16),(17,17),(18,18),(19,19),(20,20),
(21,21),(22,22),(23,23),(24,24),(25,25),
(26,26),(27,27),(1,28),(2,29),(3,30);

INSERT INTO teaching_activity (activity_name, factor) VALUES
('Lecture', 1.00),
('Seminar', 0.50),
('Lab', 0.75),
('Tutorial', 0.60),
('Project Supervision', 0.80);

INSERT INTO phone (person_number, phone_numb) VALUES
(1,'+46701234501'),
(1,'+46701234502'),
(2,'+46702234503'),
(3,'+46703234504'),
(3,'+46704234505'),
(4,'+46705234506'),
(5,'+46706234507'),
(6,'+46707234508'),
(6,'+46708234509'),
(7,'+46709234510'),
(8,'+46710234511'),
(9,'+46711234512'),
(9,'+46712234513'),
(10,'+46713234514'),
(11,'+46714234515'),
(12,'+46715234516'),
(12,'+46716234517'),
(13,'+46717234518'),
(14,'+46718234519'),
(15,'+46719234520'),
(15,'+46720234521'),
(16,'+46721234522'),
(17,'+46722234523'),
(17,'+46723234524'),
(18,'+46724234525'),
(19,'+46725234526'),
(20,'+46726234527'),
(20,'+46727234528'),
(21,'+46728234529'),
(22,'+46729234530'),
(23,'+46730234531'),
(23,'+46731234532'),
(24,'+46732234533'),
(25,'+46733234534'),
(26,'+46734234535'),
(27,'+46735234536'),
(28,'+46736234537'),
(28,'+46737234538'),
(29,'+46738234539'),
(30,'+46739234540');

INSERT INTO planned_activity (planned_hours, activity_name, instance_id) VALUES
(12, 'Lecture', 7),
(25, 'Seminar', 2),
(18, 'Lab', 11),
(30, 'Project Supervision', 5),
(22, 'Tutorial', 9),
(35, 'Lecture', 1),
(28, 'Lab', 12),
(20, 'Seminar', 8),
(24, 'Tutorial', 4),
(32, 'Lecture', 3),
(27, 'Project Supervision', 10),
(15, 'Lab', 6),
(19, 'Lecture', 12),
(23, 'Seminar', 7),
(31, 'Tutorial', 1),
(26, 'Project Supervision', 9),
(14, 'Lab', 5),
(21, 'Lecture', 2),
(29, 'Seminar', 11),
(17, 'Tutorial', 8),
(33, 'Project Supervision', 3),
(20, 'Lab', 4),
(36, 'Lecture', 6),
(18, 'Seminar', 10),
(22, 'Tutorial', 12),
(27, 'Lab', 2),
(30, 'Project Supervision', 7),
(16, 'Lecture', 5),
(24, 'Seminar', 1),
(34, 'Tutorial', 11),
(28, 'Lab', 8),
(19, 'Project Supervision', 3),
(31, 'Lecture', 9),
(23, 'Seminar', 6),
(26, 'Tutorial', 12),
(20, 'Lab', 1),
(35, 'Project Supervision', 4),
(21, 'Lecture', 10),
(25, 'Seminar', 5),
(18, 'Tutorial', 7),
(29, 'Lab', 2),
(32, 'Project Supervision', 8),
(17, 'Lecture', 12),
(22, 'Seminar', 9),
(30, 'Tutorial', 6),
(24, 'Lab', 3),
(33, 'Project Supervision', 11),
(19, 'Lecture', 4),
(26, 'Seminar', 7),
(21, 'Tutorial', 10),
(28, 'Lab', 5);

INSERT INTO plan_employee (employee_id, plan_id) VALUES
(5, 1),
(12, 1),
(18, 2),
(2, 2),
(7, 2),
(9, 3),
(15, 3),
(28, 3),
(1, 4),
(4, 4),
(30, 5),
(8, 5),
(11, 5),
(3, 6),
(6, 6),
(10, 6),
(14, 7),
(19, 7),
(21, 8),
(25, 8),
(29, 8),
(2, 9),
(5, 9),
(7, 10),
(13, 10),
(22, 11),
(26, 11),
(1, 12),
(4, 12),
(9, 13),
(12, 13),
(15, 13),
(3, 14),
(6, 14),
(10, 15),
(14, 15),
(18, 15),
(2, 16),
(7, 16),
(11, 17),
(16, 17),
(21, 17),
(5, 18),
(8, 18),
(12, 19),
(17, 19),
(23, 19),
(1, 20),
(4, 20),
(9, 21),
(13, 21),
(18, 21),
(2, 22),
(6, 22),
(10, 23),
(14, 23),
(19, 23),
(3, 24),
(7, 24),
(11, 25),
(15, 25),
(20, 25),
(5, 26),
(8, 26),
(12, 27),
(16, 27),
(22, 28),
(1, 28),
(4, 29),
(9, 29),
(13, 29),
(2, 30),
(6, 30),
(10, 31),
(14, 31),
(19, 31),
(3, 32),
(7, 32),
(11, 33),
(15, 33),
(20, 33),
(5, 34),
(8, 34),
(12, 35),
(16, 35),
(22, 36),
(1, 36),
(4, 37),
(9, 37),
(13, 37),
(2, 38),
(6, 38),
(10, 39),
(14, 39),
(19, 39),
(3, 40),
(7, 40),
(11, 41),
(15, 41),
(20, 41),
(5, 42),
(8, 42),
(12, 43),
(16, 43),
(22, 44),
(1, 44),
(4, 45),
(9, 45),
(13, 46),
(2, 46),
(6, 47),
(10, 47),
(19, 48),
(3, 48),
(7, 49),
(11, 49),
(20, 50),
(5, 50);










